crawled_news_id,title,pub_date,text,tfidf_keywords,matched_stock_title,matched_stock_text,신문사,summary,pn
17351,"안철수 안랩 창업자, 사우디정부 주최 사이버 보안포럼 'GCF 2025' 참가",2025/10/03 10:21,"강석균 대표와 함께 초청받아. 안 창업자 ""사이버 공격은 글로벌 교역 흔드는 위협"" 안랩은 이달 1~2일 사우디아라비아 리야드에서 열린 ' 국제 사이버 보안 포럼가 주최한다. 정부 관계자, 기업, 주요 학계 인사 등 세계 각국의 글로벌 사이버 보안 전문가들이 참여해 글로벌 사이버 보안에 대한 산업 발전 방향 및 국제 협력 기반 구축 방향성 등을 논의한다. 2020년 2월 사우디아라비아의 G20 의장국 활동 일환으로 출범해 올해 5회차를 맞았다. 올해 행사에는 오진영 한국인터넷진흥원 본부장을 비롯해 콜린다 그라바르 키타로비치 전 크로아티아 대통령 크리스 잉글리스 전 미국 국가 사이버 국장 로버트 해니건 전 영국 GCHQ 국장 조제 마누엘 바로주 전 유럽연합 집행위원장 겸 포르투갈 총리 도린 보그단-마틴 국제전기통신연합 사무총장 장폴 팔로메로스 전 나토 연합군 최고사령관 로빈 가이스 유엔 군축연구소 소장 오진영 한국인터넷진흥원 본부장 이오안니스 파블로스글루 그리스 국가사이버보안국 부지사 라요시 사보 헝가리 국가사이버보안센터 국장 등 각국 정부·국제기구·산업계를 대표하는 글로벌 리더들이 연사로 참여했다. 안랩은 2023년, 2024년에는 국내 보안 기업 중 유일하게 초청을 받아 강석균 대표가 참여했고, 올해는 안철수 창업자와 강석균 대표가 함께 초청받아 3년 연속 포럼에 자리했다. '사이버 공간에서의 통합적 발전 확장'을 주제로 개최한 이번 포럼에서는 안철수 창업자 및 강석균 대표가 개막 행사 Center for Cyber Economics 세션 SITE 주관 Cyber CxO Meeting 등 다양한 일정에 참가해 경제 성장의 핵심으로서의 사이버 보안, 국가별 보안 현지화 및 AI 기반 사이버 위협 대응 전략 등을 논의했다. 안철수 창업자, 국가 경쟁력과 경제 성장 핵심으로 사이버 보안 강조 안철수 창업자는 행사 둘째 날, 사이버경제센터와 세계경제포럼이 공동 주최한 'Center for Cyber Economics' 세션에 참가했다. CCE는 GCF와 세계경제포럼가 공동 설립한, 사이버 보안의 경제·산업적 영향을 연구하고 대응 전략을 제시하는 국제 연구기관이다. Macroeconomic Impact of Cybersecurity: Driving Collective Preparedness 을 주제로한 이번 세션에서 안 창업자는 사이버 보안이 국가 경쟁력과 경제 성장의 핵심 인프라임을 강조했다. 세션에서 ""사이버 공격은 더 이상 기술적 사건이 아니라 국가 경제와 글로벌 교역, 투자 신뢰를 흔드는 거시적 위험 이라면서 사이버 보안 투자는 피해를 막는 비용이 아니라 새로운 가치와 성장을 창출하는 전략적 투자 라고 말했다. 이어 금융·헬스케어·제조·공급망 등 디지털 의존도가 높은 분야를 주요 취약 섹터로 지목하며, 공공·민간 협력과 국제적 위협 인텔리전스 공유 필요성을 강조했다. 또 AI 기반 위협, 중요 인프라 공격, 지정학적 사이버 갈등을 거시경제적 파급효과를 지닌 3대 트렌드로 꼽으며 사이버 보안은 단순한 보호가 아니라 성장과 혁신을 위한 인프라 라고 짚었다. 안랩 안철수 창업자가 사우디아라비아 리야드에서 열린 'GCF 2025'의 'Center for Cyber Economics 세션'에 참가했다. 강석균 대표, 국가별 보안 현지화 및 AI 기반 사이버 위협 대응 전략 제시 강석균 대표는 포럼 첫째 날 SITE가 주관한 '제3회 주요 기업인 미팅'에 참가해 글로벌 사이버보안 리더들과 국가별 보안 현지화 및 AI 기반 사이버 위협 대응 전략을 토의했다. 강 대표는 먼저, 국가별 보안 현지화 전략에 대해 각국에서 데이터 현지화와 규제가 강화되는 상황에서, 보안 기업은 현지 요건을 충족하는 동시에 글로벌 수준의 신뢰와 서비스 품질을 유지해야 한다 며 이 두 가지를 균형 있게 달성하는 것이 지속가능하고 회복력 있는 보안 생태계를 구축하는 핵심 이라고 강조했다. 안랩 강석균 대표가 사우디아라비아 리야드에서 열린 'GCF 2025'의 SITE 주관 'Cyber CxO Meeting'에 참가했다. 이어진 AI 위협에 대한 논의에서 강 대표는 AI는 혁신의 도구인 동시에 공격자의 무기가 되고 있는 가운데, AI 기반 보안 전략은 선제적·적응적·지속적으로 진화해야 한다 며 안랩은 이를 구현하기 위해 자체 구축 에이전틱 AI 보안 플랫폼 AhnLab AI PLUS 로 탐지·분석·대응을 고도화하고 있으며, 보다 지능적이고 능동적인 보안을 지향하고 있다 고 설명했다. 한편, 안랩은 지난해 SITE와의 합작법인 라킨 설립 이후 현지 인프라 구축과 제품 현지화 개발을 추진하고 있다. 올 하반기부터 Rakeen을 통해 NGFW, IPS, XDR 제품 판매를 본격화하고 있다. 향후에는 공급 제품 라인업을 확대하고, AI 및 OT 보안 분야로 협력 범위를 넓혀 중동 지역에서 보안 생태계 확장과 경쟁력 강화를 이어갈 계획이다.","보안, ai, 사이버, 제품, 위협, 현지, 확장, 미팅, 구축, 세션",안랩,안랩,지디넷코리아,"강석균 대표와 안 창업자가 함께 초청받아 사우디아라비아 리야드에서 열린 '국제 사이버 보안 포럼'에 참여했다. 이 행사에서는 글로벌 사이버 보안의 산업 발전 방향과 국제 협력 기반 구축 방향성 등을 논의했으며, 안 창업자는 사이버 공격이 국가 경제와 글로벌 교역을 흔드는 거시적 위험임을 강조했다. 강석균 대표는 AI 기반 사이버 위협 대응 전략을 제시하며, 보안 기업은 현지 요건을 충족하면서도 글로벌 수준의 신뢰와 서비스 품질을 유지해야 한다고 말했다.",긍정
17853,"""상생하겠다""면서 각자도생? 더본코리아, 문어발식 운영 논란",2025/10/02 17:40,"지난 30일 국회에서 열린 간담회에서 연돈 볼카츠 당곡역점 점주가 발언하고 있다. 기자 백종원 대표가 이끄는 외식 프랜차이즈 기업 '더본코리아'가 문어발식 운영 논란에 휩싸였다. 백 대표는 ""점주와 상생하겠다""고 밝혔으나 점주들이 겪는 실제는 '각자도생'에 가깝다는 비판이 터져나오면서다. 대한가맹거래사협회와 전국가맹점주협의회 등은 지난 30일 국회에서 간담회를 열고 더본코리아의 사례를 바탕으로 문어발식 프랜차이즈의 문제점과 개선방안 등을 논의했다. 이들은 더본코리아의 매출액·수익률 허위 광고 점주 단체활동 방해 다브랜드 영업문제 등 총 3가지의 문제를 제기하며 더본코리아를 비판했다. 먼저, 더본코리아가 2022년 '연돈 볼카츠' 가맹점 모집 당시 홈페이지에 '매장 일매출 250~400만원 선'이라고 홍보했으나 실제로는 오픈 직후를 제외하면 매출이 급락했다는 것이다. 이에 점주들이 본사에 간담회를 요청했으나 실질적인 대책은 나오지 않았다고 주장했다. 둘째, 연돈 볼카츠 점주들은 매출 부진 등에 대한 대책을 요구하며 '연돈 볼카츠 가맹점주 협의회'를 꾸렸으나 본사가 협의회에 소속되지 않은 점주들에게만 소통의 기회를 줬다고 했다. 즉, 점주들의 단체활동이 본사의 개입으로 제약을 받았다는 주장이다. 셋째, 현재 더본코리아 브랜드 70% 이상이 '쇠퇴·정리기' 단계로 대다수의 브랜드 사업 아이템이 '성숙기'에 접어들지 못한 채 정리되고 있다는 지적이다. 다브랜드 확장이 오 려 점주 피해로 이어지고 있다는 것이다. 이에 더본코리아는 반박했다. 회사는 가맹 계약 당시 객관적인 예상 매출 산정서를 제공했고, 연돈 볼카츠의 실제 월 평균 매출액도 동종 업계 평균보다 높았다고 반박했다. 점주들과의 소통은 연돈 볼카츠를 비롯한 모든 점주가 참여할 수 있는 '상생위원회'를 통해 이뤄지고 있다고 설명했다. 다브랜드 전략은 오 려 자사의 경쟁력이라고 주장했다. 코로나 시기 새마을식당 등 브랜드는 신규 출점 중단 및 배달 메뉴 개발 등으로 내실을 다졌고, 이에 자사 가맹점 평균 폐점률은 지난해 5. 7%까지 낮췄다고 한다. 이는 자사의 강점인 다브랜드 전략 덕이라고 주장했다. 또, 침체 브랜드는 로열티 면제나 타 브랜드 전환을 지원하고 있다고도 덧붙였다.","점주, 브랜드, 코리아, 사의, 간담회, 프랜차이즈, 가맹점, 매출액, 평균, 매출",더본코리아,더본코리아,뉴스워치,"국회에서 열린 간담회에서 연돈 볼카츠 점주들이 더본코리아의 문어발식 운영에 대한 문제를 제기했습니다. 백종원 대표는 ""점주와 상생하겠다""고 밝혔으나, 실제로는 '각자도생'에 가깝다는 비판이 나왔습니다. 더본코리아는 매출 부진 대책을 제시하지 않았으며, 점주 단체활동을 방해하고 다브랜드 영업 문제가 제기되었습니다.",부정
17963,"현대엘리베이터-현대건설, 모듈러 엘리베이터 상용화 MOU",2025/10/02 16:26,"모듈러 엘리베이터 국내 최초 상용화 중대재해 제로 위한 혁신적인 안전공법 선봬 사전 제작으로 공사기간 최대 80% 감축 안전·공기단축·품질향상 등 혁신 솔로션 현대엘리베이터는 모듈러 엘리베이터 적용을 위해 현대건설과 업무협약을 맺었다. 현대엘리베이터 현대엘리베이터는 모듈러 엘리베이터 적용을 위해 현대건설과 업무협약을 맺었다고 다. 2일, 서울 종로구 현대건설 본사에서 열린 협약식에는 조재천 현대엘리베이터 대표와 윤정일 현대건설 구매본부장 등 양측 관계자들이 참석했다. 양사는 중대재해 제로화 실현을 가능케 할 혁신적인 안전공법 인 모듈러 엘리베이터 상용화를 위해 손잡았다. 이번 MOU를 통해 현대엘리베이터의 모듈러 엘리베이터는 현대건설이 추진하는 공동주택 프로젝트에 국내 최초로 적용될 예정이다. 양사는 엘리베이터 설치공법의 혁신과 공동주택 건설분야의 패러다임 전환을 함께 이끌어 나간다는 복안이다. 현대엘리베이터는 최근 MRL타입의 모듈러 엘리베이터 기술 개발을 완료, 상용화에 성공했다. 지난 7월, 경기도 이천 현대건설 현장 중 한 곳에서 모듈러 엘리베이터를 적용, 실증을 마쳤다. 이는 모듈러 엘리베이터를 상용화한 국내 첫 사례다. 모듈러 엘리베이터는 구성부품의 90%를 공장에서 사전 제작한다. 이후 설치현장에서 레고블럭처럼 조립하는 방식이다. 이를 통해 고소작업을 최대 80%까지 줄인다. 균일한 품질 보장으로 불량률 감소는 부수적 효과다. 특 위험한 승강로 안에서 진행하던 케이지와 카 판넬 조립, 레일과 출입구 설치 등의 고위험작업이 생략된다. 고소작업 축소에 따라 중대재해 사고의 제로화 달성이 가능할 것이란 전망이다. 설치 공정도 단순화된다. 일례로 상가 3층 건물에 MRL타입의 모듈러 엘리베이터 설치를 가정할 경우, 기존 공법대비 36일에서 7일로 약 80% 단축된다. 주로 고층건물에 적용하는 MR타입의 경우, 28층 건물 기준으로 95일에서 23일로 76% 수준까지 공사기간이 대폭 줄어들 것으로 기대된다. 조재천 현대엘리베이터 대표이사는 모듈러 엘리베이터는 중대재해 제로를 실현할 수 있는 혁신적인 안전공법 이라며 향후 대규모 주거·상업 프로젝트로 확대하는 등 패러다임 전환을 주도해 나가겠다 고 말했다. 한편, 현대엘리베이터는 MRL타입 상용화에 성공하면서 내년 상반기 중 MR타입 제품도 선보일 예정이다.","엘리베이터, 현대건설, 상용, 중대재해, 제로, 혁신, 적용, 공동주택, 패러다임, 설치","현대엘리베이터, 현대건설","현대건설, 현대엘리베이터",불교공뉴스,"현대엘리베이터와 현대건설이 모듈러 엘리베이터를 적용해 중대재해 제로화를 목표로 한 업무협약을 맺었다. 모듈러 엘리베이터는 공사기간 최대 80% 감축, 안전성 향상, 품질 보장 등을 통해 혁신적인 안전공법으로 평가받고 있다. 이를 통해 현대건설의 공동주택 프로젝트에 국내 최초로 적용될 예정이다.",긍정
18217,폭군의 셰프' 압도적 스튜디오드래곤 4연타석 흥행,2025/10/02 13:32,"스튜디오드래곤이 올해 4연타석 흥행에 성공했다. tvN '미지의 서울'부터 '견우와 선녀', 일본판 '내 남편과 결혼해줘' '폭군의 셰프'까지 성공, 제작 경쟁력을 다시 한번 입증했다. 해마다 글로벌 메가 트작을 내놓으며, K드라마 명가로서의 입지를 다졌다. tvN '사랑의 불시착'을 비롯해 '빈센조' '내 남편과 결혼해줘'·'눈물의 여왕', 넷플릭스 '스위트홈' 시즌1~3, '더 글로리' 등이다. 최근 막을 내린 폭군의 셰프는 압도적인 흥행 성과를 올렸다. 12회 17. 1%로 막을 내렸고, 넷플릭스 TV쇼 부문 2주 연속 1위를 기록했다. 6주간 총 3840만뷰, 3억6040만 시청했다. 굿데이터코퍼레이션 TV-OTT 드라마 화제성 부문에서도 6주 연속 1위를 차지했다. 일본판 내 남편과 결혼해줘 성과도 주목할 만하다. 6월 아마존의 프라임비디오를 통해 전 세계 공개, 한 달간 일본 내 역대 최고 시청자 수를 기록했다. 한국의 우수한 기획·제작 역량이 해외 시장에서도 통한다는 것을 증명한 사례다. 문화와 지역 경계를 허무는 방식을 통해 K콘텐츠 산업의 새로운 성장 모델을 제시했다는 평가를 받았다. 미지의 서울과 견우와 선녀도 글로벌 시장에서 의미있는 성과를 거뒀다. 미지의 서울은 5월 공개 직후 넷플릭스 글로벌 TV쇼 부문 3위에 오른 뒤 6주 연속 톱10에 들었다. 6월 공개한 견우와 선녀 역시 아마존 프라임비디오 TV쇼 부문 글로벌 2위를 찍었고, 43개 국가에서 톱10에 진입했다. 스튜디오드래곤은 4분기에도 다양한 작품을 선보이며 흥행세를 이어갈 전망이다. 3일 넷플릭스 '다 이루어질지니'를 공개하며, 11일부터 '태풍상사'를 tvN, 티빙, 넷플릭스에서 선보인다. 다음 달 3일부터 '얄미운 사랑'은 tvN, 티빙, 아마존 프라임비디오에서 전 세계 시청자를 만난다. 디즈니 '조각도시'는 다음 달 5일, 티빙 '친애하는 X'는 6일 공개를 앞두고 있으며, 넷플릭스 '자백의 대가'와 tvN '프로보노'도 연내 공개할 예정이다.","tvn, 넷플릭스, 티빙, 부문, 공개, 글로벌, 연속, 흥행, 성과, 시청자",스튜디오드래곤,스튜디오드래곤,와이드경제,"스튜디오드래곤이 올해 4연타석 흥행에 성공했다. tvN '미지의 서울', '견우와 선녀', 일본판 '내 남편과 결혼해줘' '폭군의 셰프' 등이 큰 성공을 거두며 K드라마 명가로서의 입지를 다졌다. 최근 '폭군의 셰프'는 압도적인 흥행 성과를 올리며, 넷플릭스 TV쇼 부문 2주 연속 1위를 기록했다. 일본판 '내 남편과 결혼해줘'도 한 달간 일본 내 역대 최고 시청자 수를 기록했다. 미지의 서울과 견우와 선녀도 글로벌 시장에서 의미있는 성과를 거뒀다. 스튜디오드래곤은 4분기에도 다양한 작품을 선보이며 흥행세를 이어갈 전망이다.",긍정
18228,"세일즈 인력 다 모였다 SK바이오팜, '2025 POA' 미팅",2025/10/02 13:20,"SK바이오팜 2025 POA 미팅 사진 2025. 02 SK바이오팜의 미국 법인인 SK라이프사이언스가 지난달 29일부터 지난 1일까지 미국 일리노이주 시카고에서 '2025 플랜 오브 액션 ' 미팅을 개최했다고 2일 밝혔다. POA 미팅은 미국 제약 바이오 회사의 현장 인력이 한자리에 모여 성과를 공유하고 동기를 높이는 행사다. SK라이프사이언스는 지난 2020년 뇌전증 신약 '세노바메이트' 출시 직후부터 매년 하반기 POA 미팅을 개최해 영업력 제고를 위한 연례행사로 안착시켰다. 올해 6회째를 맞은 이번 행사에는 SK바이오팜 및 SK라이프사이언스 130여명의 임직원이 참석해 상반기 역대 최대 매출과 누적 처방 환자 수 17만명 달성 성과를 축하하고, 하반기 실적 확대 방안을 논의했다. 이동훈 SK바이오팜 사장은 현장 발표를 통해 방사성의약품, 표적단백질분해 신규 모달리티와 두번째 상업화 제품 도입 계획 등 하반기 주요 전략을 공유했다. 올해 행사에는 세일즈 인력뿐 아니라 본사에서 합류한 구성원들도 함께 참여했고, 미국 법인과의 직접 교류를 통해 전략 방향에 대한 이해를 넓 고 조직 결속을 강화했다. 이 사장은 CEO 발표에서 ""포트폴리오 다각화를 통해 현재와 미래를 동시에 공략해야 하는 중요한 전환점에 서 있다""며 ""궁극적 목표 달성을 위해 모든 법인과 부서가 하나의 팀으로 협력해 더 큰 시너지를 내길 기대한다""고 말했다.","미팅, 법인, 하반기, 미국, 행사, 사장, 인력, 달성, 공유, 신약",SK바이오팜,SK바이오팜,와이드경제,SK바이오팜은 지난달 29일부터 지난 1일까지 미국 일리노이주 시카고에서 '2025 플랜 오브 액션' 미팅을 개최했다. 이 행사에는 SK바이오팜 및 SK라이프사이언스 임직원 130여명이 참석해 상반기 성과를 축하하고 하반기에 대한 실적 확대 방안을 논의했다. 이동훈 사장은 하반기 주요 전략을 공유했다.,긍정
19225,"KG모빌리티, 9월 1만636대 판매..무쏘 EV·토레스 EVX 수출 호조",2025/10/01 15:16,"KG 모빌리티, 무쏘 EV KG모빌리티는 지난 9월 내수 4100대, 수출 6536대 등 총 1만636대를 판매했다고 1일 밝혔다. 이런 실적은 수출 물량 상승세에 입어 1만대 판매를 넘어서며 올해 최대 판매를 기록한 것으로 전년 동월 대비 39. 3% 증가했으며, 누계 대비로도 2. 2% 증가하며 상승세로 전환했다. 수출은 지난 6월 이후 3개월 만에 6000대 판매를 넘어서며 올해 최대 실적을 달성했으며, 전년 동월 대비 2배 이상 큰 폭으로 증가했다. 차종별로는 지난 달 독일에서 글로벌 론칭을 시작한 무쏘 EV와 토레스 하이브리드, 토레스 EVX와 액티언 하이브리드 등 친환경차량의 판매 물량이 늘며 증가세를 이었다. 내수 판매 역시 무쏘 EV가 상승세를 이끈 가운데 3개월 연속 4천대 판매를 넘어서며 전월 대비 소폭 증가했다. 무쏘 EV는 출시 6개월여 만에 누계 판매 6311대로 올해 연간 목표를 조기에 돌파했다. 또, 무쏘 EV를 포함한 무쏘 스포츠&칸 등 KGM 픽업 트럭의 올해 8월까지 누계 판매는 1만1095대로 국내 픽업 판매의 64%를 차지하며 픽업 시장의 성장세를 이끌고 있다. KG모빌리티 토레스 EVX 대한민국 No. 1 픽업 명가 KGM은 지난 1월 무쏘 헤리티지를 계승한 픽업 통합 브랜드 무쏘 를 공식 출범한 바 있다. KGM은 상승세를 잇고 있는 수출 물량 증대를 위해 지난 달 독일에서 KGM 곽재선 회장이 참석한 가운데 유럽과 중동, 중남미 지역 총 38개국 대단 등 총 156명을 초청해 무쏘 EV와 토레스 하이브리드를 론칭하고 시승 행사를 갖는 등 글로벌 판매 확대에 나서고 있다. 내수 또한 KG 레이디스 오픈 과 2025 런서울런 후원은 물론 평택항 페스티벌-다함께 차차차 에 티볼리 경품 제공 그리고 추석 맞이 시승 이벤트 시행 등 다양한 마케팅 전략을 통해 고객 접점 확대에 나서고 있다. KGM 관계자는 내수는 물론 무쏘 EV와 토레스 EVX 등 친환경차 수출 물량 상승세에 입어 올해 월 최대 판매를 기록하며 증가세가 이어지고 있다 며 무쏘 EV 등 내수 시장 판매 확대와 함께 글로벌 시장 신제품 론칭과 차별화된 마케팅 전략 등 공격적인 수출시장 대응을 통해 판매 물량을 늘려 나갈 것 이라고 말했다.","무쏘, 판매, ev, 토레스, kgm, 픽업, 내수, 상승세, 물량, 수출",KG모빌리티,KG모빌리티,데일리카,"KG 모빌리티는 지난 9월 내수 4100대, 수출 6536대 등 총 1만636대를 판매했다. 이는 전년 동월 대비 39.3% 증가한 올해 최대 판매 기록이다. 무쏘 EV의 판매가 크게 늘어내수와 수출 모두에서 성과를 보였다.",긍정
19281,"엔젤로보틱스 창업자 ""로봇산업, 원가경쟁 심화···초격차 집중해야""",2025/10/01 14:46,"공경철 엔젤로보틱스 창업자 겸 의장이 1일 코엑스에서 열린 스마트라이프위크 2025 서울AI로봇쇼 로봇 전문가 포럼에서 기조연설을 진행하고 있다. 기자 글로벌 로봇 산업이 기술 개발 중심의 경쟁을 넘어 핵심재료에 대한 원가경쟁으로 심화하고 있단 목소리가 나온다. 미국과 중국 간 기술 패권 경쟁이 원재료 수출 통제와 관세 전쟁 등으로 번지면서 로봇산업에도 부담으로 이어지고 있단 관측이다. 공경철 엔젤로보틱스 창업자 겸 의장은 1일 코엑스에서 열린 스마트라이프위크 2025 서울AI로봇쇼 로봇 전문가 포럼 기조연설에서 로봇을 통합하는 요소 기술이 있으며 로봇이 엔드프로덕트로 완성되기 위해선 수많은 기술과 기술집단, 스타트업을 비롯한 여러 기업들이 협심해서 모여야 한다 며, 하나하나가 다 중요하고 빠져서는 안되는 요소 기술인데 미국, 중국 간 수출 제한 등 패권 경쟁으로 우리나라에 불똥이 워낙 많이 튀고 있다 고 말했다. 그러면서 예를 들어 모터 부품의 경우 크게 보면 코일, 자석 등 요소로 구성되는데 미국이 중국에 희토류 200% 관세를 부과한다고 하고, 중국이 반박하며 희토류 수출을 제한하는 과정에서 작은 자석 하나 가격이 몇천원 수준에서 1만원까지 올랐다 며, 우리나라는 기술 차원에서도 열심 경쟁해야 하는 상황에서 재료에 대한 부분까지 원론적으로 고민해야 하는 처지가 됐다 고 지적했다. 미국, 중국 등 로봇 강국들과 경쟁하기 위해선 한국도 초격차 기술에 투자를 집중하는 방향으로 가야 한다는 주장이 나온다. AI 발달로 로봇 시장의 높은 성장세가 이어지는 상황에서 글로벌에서 경쟁력을 강화하려면 선택과 집중 전략이 불가피하단 설명이다. 시장조사업체 코 런트마켓인사이츠엣 따르면 AI 로봇 시장은 지난해 157억달러에서 연평균 32. 3% 성장해 2031년엔 1116억달러까지 커질 것으로 전망된다. 산업현장과 일상생활에도 활용도가 커질 것으로 예상되는 휴머노이드 로봇 시장은 더 높은 성장세가 점쳐진다. 또 다른 시장조사업체 QY리서치는 글로벌 휴머노이드 로봇 시장 규모가 지난해 4억 6200만달러에서 2031년 290억 8000만달러까지 확대될 것으로 예측했다. 연평균 56. 6%가량 성장하는 셈이다. 공 의장은 로봇을 미래형 제조업으로 보고 제조업 강국인 우리나라가 잘 할 수 있다는 긍정적인 메시지들 많은데, 사실 우리 제조업 자체도 많이 흔들리고 있고, 경쟁할 기술 집단이 미국뿐만 아니라 중국을 비롯한 여러 국가들이 있단 점도 잘 알아둬야 한다 고 말했다. 이어 우리나라는 로봇을 미래적인 기술로 바라본다면 보편타당한 여러곳의 스타트업보단 이미 가능성을 보여주는 스타트업에 집중적으로 투자해야 한다고 생각한다 며, 동시다발적인 스타트업으로 발전하는 시기는 이미 지났고 충분 국제적으로 경쟁력 있는 곳들이 나오고 있는데, 이를 분리해서 1등 초격차 부분에 더 신경 써야 한다 고 강조했다. 엔젤로보틱스는 지난 2017년 카이스트 기계공학과 교수인 공경철 의장이 창업한 웨어러블 로봇 전문 스타트업이다. 창업 당시 LG전자의 시드 투자로 시작해 지난해 3월 코스닥 시장에 상장했다. 그해 말 기준 LG전자의 엔젤로보틱스 지분은 6. 42%로 2대 주주에 올라가 있다. 엔젤로보틱스는 최근 재활용 웨어러블 로봇 엔젤슈트 H10 을 출시하고 시장 확대를 본격화한단 계획이다. 엔젤슈트 H10은 수술 후 재활 및 일상 생활 복귀를 돕는 엉덩이 관절 보조 웨어러블 로봇으로, 회사는 이를 통해 의료 및 헬스케어 시장 진출을 시작으로 국방, 산업 안전 등 분야로 기술 적용 범위를 확대하며, 각 국가의 의료 규제와 시장 특성을 반영한 맞춤형 전략을 도입한단 방침이다. 현재 주요 의료기기 유통사 및 병원 네트워크와 협력해 제품 공급망을 최적화를 추진 중이다. 공 의장은 전국에 있는 인재들이 모두 의대로만 간다는 문제가 있는데, 로봇 관점에선 이런 부분을 꼭 위기로만 봐야 할 것은 아니라고 생각하고, 오 려 기회로 삼으면 어떨까 한다 며, 로봇 중에서도 의료적인 관점에서 서울은 병원, 의사, 연구 등 아주 좋은 인프라를 가지고 있다 고 말했다. 이어 로봇 하면 떠오르는 도시들이 있는데, 여기에서 핵심적인 부분은 그 도시에 초일류 대학들이 있다는 것이다. 서울에서도 로봇 하면 떠오르는 초일류 대학을 만들어 브랜딩화할 필요가 있다 며, 또, K-컬처를 중심으로 서울 하면 떠오르는 게 문화가 됐는데, 로봇 산업을 기술뿐 아니라 문화와 융합해 서울에 걸맞는 브랜드가 될 수 있다고 생각한다 고 제안했다.","로봇, 기술, 스타트업, 시장, 경쟁, 의장, 중국, 제조업, 의료, 미국",엔젤로보틱스,엔젤로보틱스,시사저널e,"미국과 중국 간의 기술 패권 경쟁이 로봇산업에도 부담으로 작용하고 있으며, 이를 극복하기 위해서는 한국도 초격차 기술에 투자를 집중해야 한다는 것이 그의 메시지였다. 그는 또한 AI 발달로 로봇 시장의 성장세가 이어지고 있어 글로벌에서 경쟁력을 강화하려면 선택과 집중 전략이 불가피하다고 설명했다.",긍정
19706,"오뚜기, 추석 앞두고 협력사 하도급대금 145억원 조기 지급",2025/10/01 10:10,"오뚜기가 협력사의 원활한 자금 운용을 돕기 위해 추석을 앞두고 145억원의 협력사 하도급대금을 현금으로 조기 지급한다고 1일 밝혔다. 지급 대상은 OEM사, 원료업체, 포장업체 등 78곳이다. 전월 하도급대금을 전액 현금으로 정상 지급일보다 어음 기준 평균 60여일 앞당겨 지급다. 오뚜기는 협력사와의 상생을 위해 여러 노력을 하고 있다. ESG 추진팀을 중심으로 관련 부서 임직원으로 구성된 내부 심의위원회를 통해 동반성장과 관련된 주요한 사안을 논의해 개선하고 있다. 오뚜기는 2015년부터 동반성장펀드를 마련해 협력사와 대리점들이 시중 금리보다 낮은 이자로 대출을 받아 경영활동을 지속할 수 있도록 지원하고 있다. 오뚜기 관계자는 내수 부진과 고환율로 어려움을 겪는 상황에서 중소 협력사들의 자금 부담이 가중되고 있다 며 하도급대금 조기 지급이 자금 부담 해소에 도움이 되길 바란다 고 말했다.","협력사, 지급, 자금, 조기, 현금, 부담, esg, 가중, 전월, 부진",오뚜기,오뚜기,포쓰저널,"오뚜기는 추석을 앞두고 145억원의 협력사 하도급대금을 조기 현금으로 지급한다. 78곳의 OEM사, 원료업체, 포장업체에 전월 대금을 평균 60일 앞당겨 지급한다. 오뚜기는 동반성장과 자금 부담 해소를 위해 다양한 지원을 하고 있다.",긍정
19790,"대웅, '붙이는 세마글루타이드' 임상 1상 진입 '패치'로 비만치료",2025/10/01 9:10,"주 1회 간편 부착으로 환자 편의성, 순응도 향상 기대 주사제 대비 80% 이상 생체이용률 확보, 경구제 대비 160배 우수 대웅제약과 대웅테라퓨틱스가 세마글루타이드 성분의 마이크로니들 패치가 식품의약품안전처로부터 임상 1상 시험계획 승인을 받았다고 1일 밝혔다. 세마글루타이드는 비만약 '위고비'의 성분명이다. 이번 임상은 건강한 성인을 대상으로 마이크로니들 패치의 안전성과 약동학적 특성을 평가하고, 노보 노디스크의 비만·당뇨 치료제인 '오젬픽'과 위고비 주사제 대비 상대적 생체이용률을 확인하는 단계다. 대웅의 마이크로니들 패치는 피부에 부착하면 세마글루타이드 성분으로 구성된 미세바늘이 녹아 약물을 피부 진피층으로 직접 전달하는 패치형 제제로, 주 1회 부착한다. 가압 건조와 완전밀착 포장 같은 차별화된 기술을 통해 약물의 균일성과 안정성을 극대화하고, 오염 우려 없이 정밀한 투여를 가능하게 하는 대웅테라퓨틱스의 독자적 약물전달 플랫폼 '클로팜'이 적용됐다. 대웅테라퓨틱스가 개발한 마이크로니들 패치의 약물층을 시각적으로 표현하기 위해 색소를 첨가하고 4. 2배 확대 촬영한 대웅테라퓨틱스 클로팜은 피하 주사제 대비 80% 이상의 높은 상대 생체이용률을 나타내는 것이 특징이다. 이는 지금까지 공개된 기존 마이크로니들 패치의 30% 수준과 비교해 월등 높은 성과이자 경구제 대비로는 약 160배에 달하는 수치라는 설명이다. 이를 통해 환자는 경구제 복용 부담이 줄고 주사제 투여 대비 치료 순응도가 높아진다. , 의료진은 주사 투여와 모니터링에 소요되는 시간을 줄여 환자 관리에 더 집중할 수 있다. 강복기 대웅테라퓨틱스 대표는 ""이번 임상 진입은 당사의 마이크로니들 플랫폼이 가진 글로벌 경쟁력을 입증할 중요한 첫걸음""이라며 ""안전성과 효율성을 갖춘 새로운 제형을 통해 비만 치료의 패러다임을 바꾸고, 국내 기술이 세계 시장에서 통할 수 있다는 가능성을 보여주겠다""고 말했다. 박성수 대웅제약 대표는 ""대웅제약은 기술 기반의 신약 개발을 넘어 글로벌 시장에서 인정받는 혁신 제형을 선보이고자 한다""며 ""주 1회 간편한 패치 제형은 환자의 순응도를 높이고 의료 현장의 효율성을 개선할 수 있는 차세대 옵션이 될 것""이라고 전했다.","마이크, 대비, 임상, 환자, 부착, 위고비, 약물, 성분, 피부, 기술",대웅,"대웅, 대웅제약",머니투데이,"대웅테라퓨틱스가 세마글루타이드 성분의 마이크로니들 패치가 식품의약품안전처로부터 임상 1상 시험계획 승인을 받았다. 이 패치는 주 1회 간편 부착으로 환자 편의성과 순응도를 높이고, 피하 주사제 대비 상대적 생체이용률이 80% 이상, 경구제 대비 약 160배 우수하다. 이를 통해 비만 치료의 효율성을 극대화하고 의료 현장의 관리 효율성을 개선할 수 있을 것으로 기대된다.",긍정
19831,"휴젤, 제약업계 젊은 CEO 장두현 선임... 실적·글로벌 다 잡는다""",2025/10/01 8:34,"휴젤 이 글로벌 도약을 위한 새로운 리더십 카드를 꺼냈다. 이사회는 지난 15일 장두현 전 보령 대표를 신임 대표집행임원으로 선임하고, 각자대표 체제에서 단독 대표 체제로 전환했다. 휴젤은 장 대표 영입을 통해 국내 시장 리더십을 공고 하고 글로벌 성장 속도를 높인다는 전략이다. 장 신임 대표는 1976년생으로 미국 미시건대에서 경제학과·정치외교학을 전공했다. AT&T와 CJ그룹을 거쳐 2014년 보령홀딩스 전략기획실장으로 입사한 뒤, 보령제약 운영총괄 부사장을 거쳐 2021년 사장으로 승진해 업계 최연소 CEO로 주목받았다. 특 해외 사업 확대와 실적 개선을 주도하며 보령을 연매출 1조원 기업 반열에 올린 경험이 있다. 휴젤은 이번 인사를 두고 급변하는 경영 환경에서 전략 실행 속도를 높이기 위한 책임경영 강화 차원 이라며 장 대표의 경험과 성과는 휴젤의 미래 가치 제고와 글로벌 경영 보폭 확대에 큰 이 될 것 이라고 설명했다. 장 대표는 취임 소감에서 K-메디컬 에스테틱을 선도해온 휴젤에서 새로운 여정을 시작하게 돼 기쁘다 며 지속 가능한 혁신을 통해 글로벌 선도 기업으로 성장시키고, 주주 가치를 극대화하는 데 최선을 다하겠다 고 밝혔다. 지난 14일 서울드래곤시티에서 개최된 H. in Seoul 에서 강연자들이 종합 토론을 진행하고 있다. 이번 리더십 변화는 휴젤이 글로벌 메디컬 에스테틱 기업으로서 브랜드 입지를 강화하는 흐름과 맞닿아 있다. 휴젤은 지난14일, 보툴리눔 톡신 보툴렉스 출시 15주년을 기념해 서울에서 역대 최대 규모 글로벌 심포지엄 H. in Seoul 2025 를 성황리에 개최했다. 전 세계 25개국 이상에서 220여 명의 의료 전문가가 모여 K-뷰티 철학과 최신 시술 트렌드를 공유하며 휴젤의 국제적 위상을 확인한 자리였다. 국내외 업계에서는 젊은 CEO의 글로벌 감각과 성과 중심 경영이 결합되면 휴젤이 메디컬 에스테틱 시장에서 한 단계 도약할 수 있을 것 이라는 평가가 나온다.","글로벌, 리더십, 대표, 경영, 신임, 선도, ceo, 기업, 도약, 체제",휴젤,휴젤,더밸류뉴스,"휴젤은 장두현 전 보령 대표를 신임 대표집행임원으로 선임하고, 글로벌 성장 속도를 높이기 위한 전략이다. 장 대표는 미국 미시건대 출신이며, AT&T와 CJ그룹을 거쳐 보령제약 사장으로서 연매출 1조원 기업 반열에 올린 경험이 있다. 그는 휴젤의 글로벌 경영 보폭 확대와 지속 가능한 혁신을 통해 주주 가치를 극대화하겠다고 밝혔다.",긍정
20173,"슈프리마, 클라우드 기반 출입통제로 미국 보안 시장 공략",2025/09/30 17:12,"슈프리마가 클라우드 기반 출입통제로 미국 보안 시장 공략에 나섰다 AI 통합 보안 솔루션 전문기업 슈프리마가 10월 1일까지 미국 루이지애나주 뉴올리언스에서 개최되는 GSX 2025에 참가해, 세계 최초의 생체인증을 지원하는 클라우드 기반의 출입통제 플랫폼 바이오스타 에어 를 선보인다. 슈프리마는 이번 전시에서 바이오스타 에어가 출입통제 방식을 어떻게 혁신하고 있는지 직접 시연할 예정이다. 바이오스타 에어의 차별화 요소는 온프레미스 장비가 필요 없는 아키텍처 별도 서버나 소프트웨어 설치 없이 생체인증 데이터를 기본적으로 처리할 수 있는 바이오메트릭-네이티브 지원 다지점 통합 관리 등 세 가지다. 이를 통해 IT 인프라의 복잡성을 줄이고, 구축 비용을 절감할 수 있으며, 손쉬운 확장이 가능하다. 또한 얼굴 인증, 모바일 출입카드, QR 코드, RFID 카드 등 다양한 방식으로 사용자들은 출입인증을 할 수 있으며, 관리자는 웹과 모바일 기반 단일 대시보드를 통해 단일 사업장은 물론 글로벌 다수 지점까지 언제 어디서나 통합 관리할 수 있다. 바이오스타 에어는 미국 시장에서 빠르게 성장하고 있는 클라우드 네이티브 및 구독형 서비스 수요에 최적화된 솔루션이다. 공유 오피스와 주거 단지, 프랜차이즈 체인, 학교 캠퍼스 등에서는 이처럼 확장성, 원격 관리, 데이터 보호 규제 준수를 지원하는 솔루션에 대한 수요가 높다. 슈프리마는 이미 미국, 영국, 호주 등 주요 시장에서 성공적인 고객 사례를 확보하며 해당 솔루션의 글로벌 경쟁력을 입증했다. 바이오스타 에어는 초기 인프라 비용 부담 없이 다지점으로 유연하게 확장할 수 있으며, 클라우드 기반의 안정적인 운영이 가능하다. 또한, 다양한 서드파티 시스템과 매끄럽게 연동돼 통합 운영 역량을 효율적으로 확대할 수 있다. 밥 맥키 슈프리마 북미 법인장은 바이오스타 에어는 출입통제의 미래를 보여주는 솔루션으로, 단순하면서도 확장 가능하고 안전한 클라우드 기반 보안을 제공한다. GSX 2025 현장에서 고객들은 바이오스타 에어가 어떻게 복잡성을 줄이고, 운영을 간소화하며, 보안 관리의 민첩성을 새로운 차원으로 끌어올릴 수 있는지를 직접 확인할 수 있을 것 이라고 전했다. 한편, 슈프리마는 보안뉴스·시큐리티월드가 선정한 2025 Global Security TOP 100 기업이다. Global Security TOP 100은 물리보안 분야와 사이버보안 분야를 모두 포함해 2024년 한 해 동안 국내외에서 매출, 성장 속도, 기술력 혁신성, 지속가능성 등에서 우수한 평가를 받아 선정됐다.","에어, 클라우드, 솔루션, 보안, 기반, 확장, 통합, 지점, 관리, 미국",슈프리마,슈프리마,시큐리티월드,"슈프리마는 GSX 2025에서 클라우드 기반 출입통제 플랫폼 '바이오스타 에어'를 선보인다. 바이오스타 에어은 생체인증을 지원하며, 온프레미스 장비 없이도 사용할 수 있으며, IT 인프라의 복잡성을 줄이고 구축 비용을 절감할 수 있다. 미국 시장에서 성장하고 있는 클라우드 네이티브 및 구독형 서비스 수요에 최적화된 솔루션이다.",긍정
20284,"삼천리, 'S-Together'로 스타트업에 실질적 성장 지원",2025/09/30 16:20,"유튜브 생중계 통해 그룹 전 임직원과 열기 공유 삼천리그룹이 독창적 기술과 아이디어를 보유한 스타트업을 대상으로 개최한 투자 연계형 스타트업 발굴 콘테스트 S-Together 데모데이가 외부 심사위원 및 그룹 임직원이 참석한 가운데 삼천리 모터스 군포 커넥티드 센터에서 30일 개최됐다. S-Together는 삼천리그룹이 혁신적 기술력과 사업성을 갖춘 스타트업을 조기에 발굴하고, 투자와 연계해 실질적 성장을 지원하기 위해 마련한 프로그램이다. 올해는 5월 19일부터 한 달간 기후테크, 딥테크, 푸드테크 세 가지 분야의 공모를 진행해 약 200여개 기업이 지원했으며, 이후 네트워킹 데이, 서류 대면 심사를 거쳐 최종 6개 기업이 데모데이 무대에 올랐다. 데모데이에 참여한 6개 스타트업은 태양광 발전용 지능형 인버터를 개발하는 솔라라이즈 , 배터리 제조 공정 스크랩을 재활용해 양극재·음극재 소재를 추출하는 에이비알 , 촉매 기반 해중합 기술로 고순도·고투명의 재생 플라스틱 원료를 생산하는 플라시클 , 지능형 타이어 센서로 수집된 데이터를 통해 모빌리티 솔루션을 제공하는 반프 , 인공지능 기술로 문서 자동 처리 서비스를 제공하는 한국딥러닝 , 조리로봇 기반의 무인키친으로 K-푸드 사업을 전개하는 신스타프리젠츠 로 각 기업은 IR 피칭, 제품 및 서비스를 직접 체험할 수 있는 전시 부스 운영 등을 통해 각자의 독창적 아이디어와 성장 비전을 현장 참석자들에게 적극적으로 선보였다. 특 이번 데모데이 전 과정은 유튜브 생중계를 통해 그룹 전 임직원에게 실시간으로 공유되어, 단순한 경연을 넘어 삼천리그룹이 혁신 스타트업의 비전과 가능성을 함께 체감할 수 있는 새로운 소통 방식으로의 의미를 더했다. 사업성, 시장성, 기술력, 수행역량의 4대 항목을 기준으로 심사위원단의 엄정한 평가를 진행한 결과, 대상은 반프, 금상 에이비알, 은상 솔라라이즈가 차지했으며 동상은 플라시클, 신스타프리젠츠, 한국딥러닝이 각각 수상의 주인공이 됐다. 삼천리그룹은 이날 수상 스타트업에 총 1억 3000만 원의 상금을 수여했으며, 추가 검토를 통한 선별적 투자로 참가 기업들이 시장 안착과 사업 확장을 동시에 이뤄낼 수 있도록 실질적인 도움을 제공해 나갈 예정이다. 삼천리그룹 관계자는 S-Together는 단순한 경연이 아니라, 스타트업과 함께 미래 혁신을 만들어가는 실질적 파트너십의 장 이라며 앞으로도 삼천리그룹은 지속 가능한 산업 생태계 조성을 위해 지원과 협력을 아끼지 않겠다 고 말했다. 한편 올해 창립 70주년을 맞은 삼천리그룹은 국민 생활과 밀접한 에너지환경, 생활문화, 금융 부문에서 다양한 사업을 운영하며 우리 사회와 동행해왔다. 올해 경영 슬로건 다함께 나눔을 을 바탕으로, 앞으로도 나눔과 상생의 가치를 실천하며 사랑받는 기업으로 자리매김할 계획이다.","삼천리그룹, 스타트업, 임직원, 기업, 사업, 경연, 혁신, 지능, 그룹, 실질",삼천리,삼천리,에너지데일리,"삼천리그룹은 유튜브 생중계를 통해 스타트업 발굴 콘테스트 'S-Together' 데모데이를 개최했다. 6개 기업이 무대에 올라 독창적 기술과 아이디어를 선보였으며, 심사위원단의 평가 결과 반프가 대상, 에이비알과 솔라라이즈가 금상, 플라시클, 신스타프리젠츠, 한국딥러닝이 동상을 수상했다. 삼천리그룹은 총 1억 3000만 원 상금을 수여하고 추가 투자 검토를 통해 참가 기업들의 시장 안착과 사업 확장을 지원할 계획이다.",긍정
20539,"DL이앤씨, 후분양 'e편한세상 동대구역 센텀스퀘어' 공급",2025/09/30 14:18,"e편한세상 동대구역 센텀스퀘어 투시도 DL이앤씨 DL이앤씨는 대구광역시 동구 신천동 일원에 올해 하반기 입주를 앞둔 후분양 아파트 e편한세상 동대구역 센텀스퀘어 공급 중이라고 30일 밝혔다. e편한세상 동대구역 센텀스퀘어는 지하 5층~지상 24층 4개 동, 전용면적 79~125 총 322가구 규모다. 지하 1층~지상 4층에 계약 면적 약 2만90000여 의 대규모 상업시설이 조성된다. 단지 맞은편에 대구 지하철 1호선, KTX·SRT, 대경선 등 4개 노선이 지나는 동대구역이 있어 편리하게 이용할 수 있다. 내년 하반기 준공 예정인 동대구역과 신세계백화점으로 이어지는 출구가 신설되면 더욱 편리하게 이동이 가능할 수 있다는 설명이다. 단지 건너편에 있는 신세계백화점과 연접해 있는 메리어트호텔 이용도 편리하다. 단지에서 진입이 쉬운 동대구로를 따라가면 대구지방법원을 비롯해 금융, 행정 등의 시설이 밀집해 있는 범어네거리가 있고, 범어동 학원가도 이용할 수 있다. e편한세상 동대구역 센텀스퀘어는 옛 동대구 고속터미널 부지 개발로 공급된다. 동대구역 복합환승센터를 이용하려는 유동 인구가 많고, 향후 4호선 개발도 앞뒀다. 이외에도 동대구역에는 대구지하철 5호선 대구·경북 대순환 철도 신공항 순환철도 등이 추진 중이다. DL이앤씨 관계자는 단지 안에서 지하철 출입구를 이용할 수 있다 보니 편의성 측면에서 높은 평가가 이어지고 있고, 신세계백화점, 메리어트호텔 등 주변 생활 편의시설도 많다 며 동대구 고속터미널 부지가 지역을 대표할 랜드마크로 탈바꿈하면서 지역민들의 기대가 높은 만큼 이에 부응할 수 있도록 최선을 다 할 것 이라고 했다. 한편 DL이앤씨는 작년 기준 신용등급 을 6년 연속 유지 중이고 시공능력 평가에서 5위에 랭크됐다. e편한세상은 소비자가 뽑은 가장 신뢰하는 브랜드 대상 총 12회 수상, 소비자가 선정한 품질 만족 대상 7년 연속 수상 등 이력이 있다.","동대구역, 센텀스퀘어, 동대구, 신세계백화점, 세상, 이용, 편리, 부지, 지상, 지하철",DL이앤씨,DL이앤씨,시사포커스,"이 아파트는 지하철 1호선, KTX·SRT 등 4개 노선을 이용할 수 있는 동대구역 바로 앞에 위치하며, 내년 하반기 준공 예정인 동대구역과 신세계백화점 출구가 조성됩니다. 단지는 대구지방법원 및 학원가와 가깝고, 향후 4호선 개발 등이 예상되며, DL이앤씨는 높은 신용등급과 품질 만족도를 자랑합니다.",긍정
20747,"현대건설, 의정부 스테이트 회룡역파크뷰 계약 순항",2025/09/30 11:48,"현대건설이 경기도 의정부시 호원동에서 선보인 스테이트 회룡역파크뷰 의 계약이 순조롭게 진행되고 있다. 실수요자의 자금 부담을 덜어주는 다양한 금융 혜택과 우수한 입지 조건, 브랜드 경쟁력이 복합적으로 작용한 결과라는 분석이다. 스테이트 회룡역파크뷰 는 아파트 분양 시 통상 분양가의 10%로 책정되는 계약금을 5%로 낮췄다. 1차 계약금은 500만 원 정액제를 적용해 초기 자금 부담을 크게 줄였으며, 나머지 2차 계약금은 30일 내 납부하면 된다. 또한 분양가의 60%에 해당하는 중도금 전액 무이자 혜택을 제공해 계약자들의 실질적인 비용 절감 효과가 기대된다. 단지는 지하 3층~지상 33층, 12개 동, 총 1,816가구 규모로 조성되며, 이 중 전용 59·84 674가구가 일반분양 물량이다. 단지는 회룡역을 도보로 이용할 수 있는 역세권 입지를 갖췄으며, 지하철 1호선과 의정부경전철을 통해 서울 도봉산역까지 두 정거장이면 도달 가능하다. 또한 GTX-C노선, 회룡IC, 동부간선도로 지하화 사업, 서울~양주 고속도로 등 다양한 교통 호재가 예정돼 있어 서울 및 수도권 접근성은 더욱 강화될 전망이다. 생활 인프라도 풍부하다. 단지 인근에는 호원초·호원중이 위치해 안전한 통학이 가능하며, 단지 내 국공립 어린이집이 들어설 예정이다. 더불어 신세계백화점, 코스트코, 롯데마트, 로데오거리 등 편의시설과 의정부 예술의전당, 시청, 정보도서관 등 문화·행정 인프라가 가까워 주거 만족도가 높을 것으로 기대된다. 스테이트 회룡역파크뷰 는 의정부시 호원동 최초의 스테이트 브랜드 아파트로, 77개월 연속 아파트 브랜드 평판 1위를 기록한 현대건설의 대표 브랜드 경쟁력을 입증한다. 일반분양 가구는 100% 남향 위주 배치로 채광과 통풍을 극대화했으며, 단지 내에는 다양한 테마형 조경과 대규모 커뮤니티 시설이 조성된다. 피트니스센터, 골프연습장, GX룸, 사우나, 독서실, 작은도서관, 게스트하우스 등 입주민을 위한 편의시설이 마련되며, 현대건설의 특화 설계 H 시리즈 가 적용된다. 층간소음 저감기술, 건식 세차 공간, 반려동물 맞춤 공간 등 차별화된 설계가 특징이다. 또한 현대건설의 입주민 전용 플랫폼 마이 스 를 통해 조명·난방 제어, 관리비 조회, 커뮤니티 시설 예약 등이 가능하며, 차량에서 빌트인 기기를 제어할 수 있는 카투홈 서비스도 도입된다. 현대건설은 아발론교육과 업무협약을 체결해 입주민 대상 영어교육 프로그램과 교습비 할인 혜택을 제공할 예정이다. 아발론교육은 특목·자사고 합격자 5,788명을 배출한 교육 전문 기업으로, 입주민 자녀 교육 경쟁력 강화에 기여할 것으로 기대된다. 스테이트 회룡역파크뷰 견본주택은 의정부시 호원동 314-7번지에 마련돼 있으며, 입주는 2026년 4월 예정이다.","스테이트, 현대건설, 회룡역파크뷰, 입주민, 호원동, 의정부시, 계약금, 브랜드, 가구, 아파트",현대건설,현대건설,조세금융신문,"현대건설의 스테이트 회룡역파크뷰는 경기도 의정부시 호원동에서 선보이는 아파트로, 다양한 금융 혜택과 우수한 입지 조건, 브랜드 경쟁력이 복합적으로 작용해 계약이 순조롭게 진행되고 있다. 단지는 지하 3층~지상 33층, 총 1,816가구 규모로, 일반분양 물량은 674가구이며, 회룡역을 도보로 이용할 수 있는 역세권 입지를 갖췄다. 생활 인프라도 풍부하며, 단지 내 국공립 어린이집과 다양한 편의시설이 마련되어 있다.",긍정
21624,"카카오, 이용자 혹평에 결국 카톡 '친구탭' 되돌린다",2025/09/29 17:12,"카카오가 카카오톡 개편에 대한 이용자들의 혹평이 잇따르자 신설 친구탭 연내 업데이트 전으로 되돌리기로 했다. 29일 카카오는 카톡 최신 버전에 대한 이용자 의견을 적극 반영해 친구탭 개선을 추진한다고 밝혔다. 카카오는 기존 친구목록 을 카카오톡 친구탭의 첫 화면으로 되살리고, 현재의 피드형 게시물은 별도의 소식 메뉴를 통해 볼 수 있도록 할 예정이다. 친구탭 개선 방안은 개발 일정 등을 고려해 4분기 내 적용할 계획이다. 아울러 미성년자 보호를 위한 절차도 더욱 간소화할 예정이다. 지난 27일 지금탭 내에 미성년자 보호조치 신청 메뉴를 신설해 접근성을 높인 데 이어, 신청 및 설정 등을 더욱 간편하게 할 수 있도록 추가적인 방안을 검토 중이다. 카카오 관계자는 친구탭 개선 계획 외에도 여러 UX, UI 개선 작업을 지속적으로 진행 중 이라며 앞으로도 다양한 피드백을 적극적으로 경청, 반영해 이용자들이 더욱 편리하게 카카오톡을 사용할 수 있도록 최선을 다 할 것 이라고 밝혔다. 앞서 카카오는 지난 23일 15년 만의 카톡을 대대적으로 개편했다. 친구탭을 인스타그램·틱톡 등 소셜네트워크서비스처럼 피드형 목록으로 바꾸고 숏폼 기능을 도입했다. 그러나 이용자들의 불만이 이어지자 일부 기능을 원래대로 돌리는 등 개선에 나선 것이다. 실제 소프트웨어 기업 피엑스디가 카톡 개편이 있었던 지난 23일 구글 플레이스토어 및 앱스토어에 달린 카톡 리뷰 1000개를 분석한 결과 업데이트 전반에 만족하지 않는다는 리뷰가 42%인 것으로 나타났다. 앱 만족도를 평가하는 별점 평가 에서도 업데이트 이후 5점 만점에서 1점으로 평가한 리뷰가 크게 늘었다.","친구탭, 카톡, 카카오, 리뷰, 이용자, 개선, 업데이트, 카카오톡, 개편, 피드형",카카오,카카오,시사저널e,"카카오가 카톡 개편에 대한 이용자 불만이 지속되자, 친구탭을 원래대로 되돌리고 피드형 게시물은 별도의 소식 메뉴로 이동시키기로 했다. 이 변경 사항은 4분기 내 적용될 예정이다. 아울러 미성년자 보호 절차도 더욱 간소화할 계획이다.",부정
22273,"교촌 ""배달앱 가격 인상, 본사 지시 아냐 가맹점주 협의 차원""",2025/09/29 10:50,"최근 서울 지역 교촌치킨 매장 상당수가 배달앱 메뉴 가격을 일제 인상한 가운데, 가맹 본사는 일괄 지시가 아닌 가맹점주 자율 결정 이라며 선을 그었다. 교촌 측은 고객 불만을 최소화하기 위해 점주들과 협의 중이라는 입장을 밝혔다. 29일 프랜차이즈업계에 따르면 서울 지역 교촌치킨 가맹점주들은 지난 19일부터 배달의민족과 쿠팡이츠에서 판매하는 허니콤보, 레드콤보, 간장콤보, 반반콤보 가격을 기존보다 2000원 인상했다. 이로써 대표 메뉴인 허니콤보 가격은 2만3000원에서 2만5000원으로 올랐다. 다만 매장이나 교촌치킨 전용앱에서 판매되는 치킨 가격은 오르지 않았다. 교촌치킨 가맹점주 협의회는 서울 지역 가맹점의 90% 이상이 이같이 배달앱에 대한 가격 인상을 단행한 것으로 파악하고 있다. 가맹사업법상 가맹본사는 가맹점주에게 상품 가격 설정을 강제할 수 없지만, 대다수 프랜차이즈는 가맹본사가 권장 소비자 가격을 정하면 점주들이 이를 따르는 방식으로 운영돼왔다. 이번 가격 인상은 배달앱 수수료 부담 때문이라는 것이 교촌 점주들의 입장이다. 교촌치킨을 운영하는 교촌에프앤비는 이번 조치가 본사의 지시가 아닌 가맹점주 협의에 따른 결정이라는 점을 분명 했다. 교촌치킨 관계자는 가맹본사인 저희가 모든 점포에 콤보 3종에 대해 자율가격제를 실시하라고 일괄 통보한 적은 없다 고 설명했다. 이 관계자는 같은 상권 내에서 이미 배달 전용 가격제를 도입한 점주들이 주변 다른 점포에게 다같이 도입하라고 본사쪽에 어필하고 있는 상황이다 며 하지만 본사는 고객불만 및 혼란을 최소화 하기 위해 가맹점들을 최대한 설득하는 등 노력하고 있는 상황 이라고 강조했다. 회사 측은 이어 가맹점주들의 요구사항을 청취하는 과정에서 배달 전용 가격제 도입으로 발생할수 있는 고객불만 및 혼란을 최소화 할 수 있도록 협의해나갈 것 이라고 말했다. 한편, 교촌치킨은 이달 초 순살치킨에 닭가슴살을 추가하고 중량을 줄여 사실상 가격을 올린 바 있어, 연이은 가격 변동에 따른 소비자 불만이 이어지고 있는 상황이다.","가맹점주, 가격, 점주, 배달앱, 인상, 배달, 본사, 가맹점, 협의, 일괄",교촌에프앤비,교촌에프앤비,인더스트리뉴스,"서울 지역 교촌치킨 가맹점주들은 배달앱 메뉴 가격을 2000원 인상했으나, 교촌치킨 본사는 이를 일괄 지시가 아닌 가맹점 자율 결정이라고 밝혔다. 가맹본사는 고객 불만을 최소화하기 위해 점주들과 협의 중이며, 가맹점주들의 요구사항을 청취하면서 혼란을 최소화하려고 한다. 이로 인해 연이은 가격 변동에 따른 소비자 불만이 이어지고 있다.",부정
22560,인더필드 탄소중립 선봉장 풀무원 거점 음성 두부공장 가보니,2025/09/29 8:00,"인더뉴스 풀무원이 2050년 온실가스 순배출 제로 로드맵을 세우고 실천 중심의 친환경 케어 전략에 속도를 냅니다. 전략의 중심축은 음성 두부공장입니다. 전 공정 자동화로 두부 품질을 높이는 동시에 친환경 에너지 전환과 용수 절감, 재활용 확대로 자원 순환을 강화합니다. 지난 25일 풀무원 물류의 핵심 거점이자 탄소 중립 선봉장 음성 두부공장을 찾았습니다. 세척수 혼입 사용·두부 틀 바꿔 불필요한 용수 사용 최소화 충청북도 음성군 대소면에 위치한 음성 두부공장은 지난 2003년 무인 자동화 시스템으로 운영을 시작했습니다. 1공장은 국산부침·찌개 등을, 2공장은 두부·두부면 등을 담당하며 총 5개 라인에서 시간당 최대 1만2800모의 두부를 생산합니다. 음성 두부공장의 지난해 매출은 570억원으로 전년 대비 9. 6% 늘었습니다. 원재료인 콩 입고부터 마트 신선식품 매대에 올라오기까지 두부는 70여가지의 과정을 거치게 됩니다. 음성 두부공장의 경두부 제조 공정은 크게 원료가 입고된 이후 식품 공장은 특성상 위생 관리를 위해 물을 많이 쓰는 게 사실입니다. 풀무원은 이 공장 곳곳에 용수 사용을 최소화할 수 있는 장치들을 마련했습니다. 먼저 콩을 불리고 세척하는 과정에서 거의 불순물이 나오지 않는 세 번째 세척수를 다음 번 첫 번째 세척수로 다시 씁니다. 두 번째 용수는 새 용수와 3차 세척수를 반반 혼입하고 3차 세척수만 새 물로 사용합니다. 불린 콩을 세척한 뒤에는 콩을 갈아 두유로 만들고 여기에 응고액을 넣으면 몽글몽글한 순두부가 만들어집니다. 이를 압축하고 기계로 누르면 우리가 아는 두부의 모양이 나옵니다. 풀무원도 원래는 전통 방식대로 네모난 판모틀을 썼지만 세척에 많은 용수를 써야하는 게 고민거리였습니다. 회사는 용수 절약을 위해 두부 제조 과정을 손봤습니다. 이옥규 풀무원 공장견학 매니저는 전에는 틀에 면포를 깐 다음 두부를 넣고 물을 제거하면서 두부를 만들었는데 그렇게 하면 12모에 한 번씩 기계와 면포를 세척해야 했다 며 지금은 벨트 상·하단에 있는 면포들이 두부를 앞으로 보내면서 면포를 바로바로 세척한다. 이렇게 두부 품질은 유지하면서 세척 용수는 줄일 수 있도록 운영하고 있다 고 말했습니다. 풀무원에 따르면 음성 두부공장에 기계 성형을 도입해 응고된 두부가 기다란 바 형태가 만들어지도록 바꾸면서 용수 사용량이 기존의 3분의 1로 줄었습니다. 바 형태 두부가 벨트로 이동하고 이를 균일하게 잘라냅습니다. 플라스틱 용기도 지난해 골이 파인 요철 구조로 변경해 8. 6% 경량화하는 데 성공했습니다. 폐기실행 운명이었던 두부들은 이제 풀무원 펫푸드 브랜드 '아미오'의 사료로 재탄생합니다. 이옥규 매니저는 과거 혼입 출고 우려로 금이 간 못생긴 두부들은 폐기실로 갔고 사람이 일일 다 뜯어서 버리는 작업을 해야 했다. 하지만 지금은 이것들이 두부 너겟 등 반려견·반려묘를 위한 간식이나 식사가 될 수 있게 아미오에서 재활용하고 있다 고 말했습니다. 음성 공장은 세척 용수 사용 효율화와 누수 부위 개선을 통해 2023년 연간 2447톤의 용수를 절감했습니다. 또 두부 제조 부산물인 비지에 대한 순환자원 인증서를 획득하고 이를 사료 제조원료로 판매해 폐기물을 자원으로 순환하고 있습니다. 음성두부 사업장은 순환자원 인정을 통해 지난해 4146톤의 식물성 잔재물을 판매했습니다. 음성두부 사업장 지난해 공장 에너지의 40%가 신재생에너지 음성물류센터는 풀무원이 보유한 17개 거점 중에서도 전국 3시간 이내 운송이 가능한 허브 핵심 거점입니다. 물량의 입고-분배-출고까지 자동화 물류 체계를 구축했으며 공급망 전체를 저온 관리 프로세스로 운영합니다. 생산부터 유통까지 전 과정이 48시간 이내에 이뤄집니다. 물류센터의 연면적은 4만2334 인데 이 중 60%가 냉장 시설입니다. 총면적이 축구장 5개 크기에 이르는 커다란 냉장고 인 셈입니다. 두부의 신선함을 유지하기 위해 한 달 전기세로만 2~3억원을 지출한다는 설명입니다. 음성물류센터는 2022년 식품 물류센터 최초로 해썹 인증을 받았습니다. 김기택 풀무원 음성센터 운영팀장은 물류센터가 해썹 인증을 받는 건 흔치 않다. 가장 중요한 건 온도관리를 어떻게 하고 있느냐는 것 이라며 센터에 온도 감지 센서가 있는데 영상 5도로 관리해야 한다면 범위 안에 들어올 수 있게 2도 정도로 관리한다. 이렇게까지 온도관리를 하는 회사는 풀무원밖에 없을 것""이라고 강조했습니다. 두부공장에서 차로 5분 거리에 자리한 음성물류센터에 도착하자마자 왼쪽에 거대한 원통형 사일로 2개가 배치된 단독 건물에 눈에 들어왔습니다. 풀무원이 2013년 도입한 친환경 난방 시스템 우드팰릿 보일러 입니다. 두부를 만들 때나 포장 후 고온살균 과정에서 고열이 필요한데 이 우드팰릿 보일러는 자투리 목재로 뭉친 우드팰릿을 연료로 합니다. 우드팰릿은 유엔기후협악에서 이산화탄소 배출량이 제로인 탄소중립 에너지원이라고 인정한 친환경 연료입니다. 이옥규 매니저는 하절기에는 우드팰릿 보일러를 전체 가동하고, 가동이 많은 동절기에도 100%는 아니지만 대부분 사용한다 고 말했습니다. 풀무원은 2013년 우드팰릿 보일러 설치 후 현재까지 온실가스 배출권을 9067톤을 판매했습니다. 이외에도 풀무원은 온실가스 배출 감축을 위해 태양열 온수 생산 시스템을 도입하고 태양광발전 설비투자도 확대하고 있습니다. 실제로 음성 두부공장 옥상에도 태양열 시스템이 장착돼 있으며 이를 온수와 난방에 활용 중입니다. 음성 두부 사업장은 지난해 기준 공장 전체 에너지사용량의 39. 4%를 우드팰릿, 태양광 등 신재생 에너지로 대체했습니다. 풀무원은 ESG 경영을 지속가능한 핵심 가치로 삼고 있습니다. 올해 세계3대 신용평가사인 미국 S&P 글로벌이 발표한 지속가능성 평가에서 지난해에 이어 2년 연속 글로벌 식품 분야 상위 5위에 이름을 올렸습니다. 국내에서는 식품 기업 유일하게 '한국에서 가장 존경받는 기업'에 19년 연속 선정됐습니다. 풀무원 관계자는 풀무원은 두부 제품 포장 용기 무게 감량, 종이 소재 용기 전환 등을 통해 지난해 약 325톤의 플라스틱 소비 절감 효과를 창출했다 며 또 2023년 업계 최초로 물류 현장에 수소 전기트럭 2대를 도입했으며 항후 물류 차량에도 대형 전기 트럭 1대를 도입할 예정 이라고 말했습니다.","두부, 음성, 공장, 물류, 식품, 지난해, 친환경, 매니저, 온실가스, 도입",풀무원,풀무원,인더뉴스,"풀무원은 지속 가능한 경영을 위해 다양한 노력을 기울이고 있습니다. 우드팰릿 보일러를 통해 에너지 효율성을 높였고, 태양광 발전 설비 투자를 통해 신재생 에너지를 활용하고 있습니다. 또한, 온실가스 배출권을 판매했으며, ESG 경영을 지속적으로 추진하고 있습니다. 물류센터는 해썹 인증을 받았으며, 우드팰릿 보일러를 통해 온실가스 배출량을 줄였습니다. 또한, 플라스틱 소비 감소와 전기 트럭 도입 등 다양한 환경 보호 활동을 진행하고 있습니다. 풀무원은 지속 가능한 경영을 통해 사회적 책임을 다하고 있으며, 이를 통해 글로벌 식품 분야에서 높은 평가를 받고 있습니다. 이에 따라 풀무원은 '한국에서 가장 존경받는 기업'으로 19년 연속 선정되었습니다. 이와 같은 노력 덕분에 풀무원은 지속 가능한 경영을 실천하며, 환경 보호와 사회적 책임을 다하고 있는 기업으로 평가받고 있습니다.",긍정
22950,네옴시티 에 냉각솔루션 공급 추진 LG전자 중동 사업 기회 확대,2025/09/28 16:12,"LG전자가 사우디아라비아 네옴시티에 냉각 솔루션 공급을 추진한다. 조주완 LG전자 대표는 26일 서울 중구 롯데호텔에서 칼리드 알팔리 사우디 투자부 장관과 만나 네옴시티 내 건설 중인 인공지능 데이터센터의 냉각 솔루션 공급 등 협력 방안을 논의했다. 이번 협력은 중동 시장에서 AI 후방 산업의 핵심 플레이어로 자리매김하는 중요한 전환점이 될 것이란 게 LG전자 측 설명이다. 사우디에 지원·관심 요청 LG전자는 네옴시티 내 첨단산업단지 옥사곤 에 건설 중인 AI 데이터센터에 냉각솔루션을 공급하는 건에 대해 사우디 정부의 적극적인 지원과 협력을 요청했다. 또 LG전자가 사우디 유통기업 셰이커 그룹, 데이터 인프라기업 데이터볼트 등 현지 기업들과 추진 중인 HVAC 사업에 대한 관심도 당부했다. 칼리드 알팔리 장관은 LG와 지속적으로 우호적인 관계를 형성하고 있음에 감사하다 며 사우디는 수출 주도적 국가로 변화 중이며 수출을 이끄는 사업을 함께 추진한다면 적극 지원할 것이다 고 말했다. LG전자는 이달 사우디 리야드에서 셰이커 그룹 회장과 데이터 인프라기업 데이터볼트 최고경영자를 만나 데이터볼트가 짓는 차세대 데이터센터의 열관리 솔루션 공급에 전략적 파트너로서 협력하는 내용의 업무협약을 체결했다. 데이터볼트는 사우디를 비롯해 아랍에미리트, 우즈베키스탄, 인도, 미국 등에 기반을 두고 하이퍼스케일 데이터센터 개발 및 운영 사업을 하는 기업이다. 현재 사우디 네옴시티 내 중동 최대 규모의 넷제로 AI 데이터센터를 구축 중이고, 우즈베키스탄과 방글라데시 등 아시아 지역 초대형 데이터센터 구축에도 연달아 투자하고 있다. 조주완 LG전자 대표는 최근 링크드인에서 중동과 아프리카는 정부 주도의 변화와 대규모 개발 프로젝트에 입어 엄청난 잠재력을 갖고 있다 며 중동을 포함한 잠재력이 높은 글로벌사우스 시장에서 지속 가능하고 장기적인 기회를 구축하는 것이 LG전자의 성장 전략이다 고 언급했다. 또 유럽 가전전시회 IFA 2025 에서 데이터볼트의 데이터센터에 냉각솔루션이 다 들어가게 되면 아마 조 단위 매출을 하게 될 것이다 며 자신감을 드러낸 바 있다. 중동 사업 전략 발판 LG전자는 AI 생태계의 핵심인 데이터센터의 효율성 및 지속 가능성을 위해 필수적인 냉각솔루션 공급과 같은 AI 후방 산업에서 사업 기회를 늘려가고 있다. 올해 중동과 미국, 인도네시아 등 글로벌 시장에서 대규모 데이터센터 냉각솔루션 수주를 성공적으로 확보하며 기술력과 신뢰성을 입증했다. 빠르게 확대되고 있는 데이터센터 냉각시장에서 다양한 프로젝트 경험과 레퍼런스를 축적함으로써 향후 시장에서의 경쟁 우위를 선점하는 데 강력한 기반이 될 것으로 기대하고 있다. LG전자 관계자는 사우디아라비아는 중동의 AI 허브로 도약하기 위해 정부 주도의 대규모 투자를 진행 중이다 며 LG전자가 선제적으로 옥사곤 프로젝트 수주를 확보한 것은 향후 중동지역 내 사업 기회 확대를 위한 전략적 발판이 될 것이다 고 말했다.","lg, 사우디, 중동, 데이터센터, 데이터볼트, 냉각솔루션, 시티, ai, 공급, 데이터",LG전자,"LG, LG전자",스포츠동아,"LG전자는 사우디아라비아 네옴시티에서 AI 데이터센터의 냉각 솔루션을 공급하는 협력 계약을 체결했다. 조주완 LG전자 대표는 칼리드 알팔리 사우디 투자부 장관과 만나 이번 협력을 논의하고, 중동 시장에서의 AI 후방 산업 선도 역할을 강화하기 위한 전략적 방침을 밝혔다. LG전자는 네옴시티 내 첨단산업단지에 건설 중인 AI 데이터센터에 냉각 솔루션을 공급하는 데 사우디 정부의 적극적인 지원과 협력을 요청했다.",긍정
23778,"DB손보, 국내 최초 미국 보험사 인수...글로벌로 더 '쭉쭉'",2025/09/26 21:36,"DB손해보험이 괌으로 시작해 미국 본토로 넓게 뻗어나간다. DB손해보험은 26일 미국 특화보험사 포테그라 그룹의 발행주식 100%를 16억 5000만 달러에 인수하는 계약을 팁트리 사 및 워버그 핀커스 사와 체결했다고 같은 날 발표했다. 이번 거래는 DB손해보험의 자체 보유자금으로 집행될 예정이며, 국내 보험사로는 최대 규모다. 1984년 괌 지점을 필두로 미국 시장에 진출한 DB손해보험은 미국에 제2의 DB손해보험을 만든다 는 목표 아래 경쟁사와는 차별화된 해외사업을 추진해왔다. 그 결과, 글로벌 보험사로서의 사업기반 및 역량 확보를 위해 2024년 연간 매출 4. 4조 원 규모의 미국 보험사 인수라는 전략적 결정을 내렸다. 포테그라는 1978년 설립된 글로벌 보험그룹으로 미국 플로리다주 잭슨빌에 본사를 두고 있으며 특화보험, 신용 보증보험, 보증 등 보험 관련 서비스 사업으로 안정적인 포트폴리오를 구축하고 있다. 지난해 기준 연간 보험료 규모는 30. 7억 달러, 순이익 1. 4억 달러를 시현했다. 현재 미국 전역과 영국, 이탈리아 등 유럽 8개국에서 사업을 영위하고 있으며 신용등급은 AM Best A-다. DB손해보험은 이번 인수를 통해 세계 최대 손해보험 시장인 미국과 유럽에 본격 진입하며 글로벌 성장을 위한 사업 플랫폼을 확보, 수익성이 안정적인 글로벌 보증보험 시장 진입, 국가·보종 차원의 리스크 다변화로 수익 안정성 제고 등이 기대된다. 한편, DB손해보험은 국내 저출산, 고령화 등으로 보험시장 성장의 어려움에 선제적으로 대응하기 위해 미국, 중국, 동남아 등 3대 권역을 중심으로 해외사업을 확대해 왔다. 특 지난해 베트남 국가항공보험과 사이공하노이보험 지분을 인수해 베트남 10대 손해보험사 중 3곳을 품으면서 동남아 시장 공략에 박차를 가하고 있다. DB손보 박기현 해외사업부문장은 이번 인수는 국내 보험사 최초의 미국 보험사 인수이며, DB손보가 글로벌 보험사로 도약하는 분수령 이라며 포테그라의 전문성과 DB손보의 글로벌 네트워크·자본력을 결합해 고객 가치와 시장 경쟁력을 높이는 동시에, 주주가치 제고와 국가 경제 기여라는 두 가지 목표를 함께 달성하겠다 고 밝혔다. 포테그라 그룹 리차드 칼바흐 CEO는 이번 DB손보와의 계약은 포테그라 그룹의 여정에 새로운 장을 열게 될 것 이라며 포테그라 그룹은 DB손보와의 협력을 통해 글로벌 선도 보험그룹으로 도약하는 공동의 목표를 함께 실현해 나가기를 기대한다 고 전했다.","db손해보험, 인수, 미국, 보험, 포테그라, 글로벌, 그룹, 시장, 달러, 해외사업",DB손해보험,DB손해보험,데이터솜,"DB손해보험이 미국 특화보험사 포테그라 그룹의 발행주식 100%를 인수하는 계약을 체결, 국내 보험사로는 최대 규모인 자체 보유자금으로 집행할 예정이다. 이로써 DB손해보험은 미국 시장에 제2의 DB손해보험을 만드는 데 성공하며 글로벌 보험사로서의 사업기반과 역량을 확보한다. 포테그라는 1978년 설립된 글로벌 보험그룹으로, 특화보험 및 신용 보증보험 등 안정적인 포트폴리오를 구축하고 있으며, 이번 인수는 DB손해보험의 글로벌 성장을 위한 사업 플랫폼 확보와 수익성 제고에 기여할 것으로 기대된다.",긍정
23917,"두산, 그룹 지주사 지위 내려놔 자산총액 증가 영향",2025/09/26 17:45,"투자 관련 운신 폭 넓어졌다' 평가도 두산이 그룹 지주회사 지위를 내려놓는다. 두산은 이달 초 지주회사 적용 제외 신고 결과 공정거래위원회로부터 독점규제 및 공정거래에 관한 법률상 두산그룹 지주사에 해당하지 않는다는 통보를 받았다고 26일 공시했다. 자산총액이 늘어나면서 올해 6월 말부터 지주회사 요건을 더 이상 충족하지 않게 된 점이 제외 이유다. 지주회사는 주식 소유를 통해 회사의 사업을 지배하는 역할을 하는데, '자산총액이 5천억 원 이상', '자산총액 대비 소유 자회사 주식가액 합계액 비율 50% 이상' 요건을 둘 다 충족해야 한다. 두산의 제외 이유는 이 가운데 후자에 해당한다. 자산총액이 늘면서 해당 비율이 50% 미만으로 떨어진 것이다. 두산의 작년말 기준 총자산 규모는 약 5조 530억 원이었는데, 올해 6월 말 기준 약 6조 5840억 원으로 크게 늘어났다. 회사가 보유한 두산로보틱스 주식을 담보로 지난 6월 5500억 원 규모의 자금을 차입한 게 자산총액 증가로 이어진 것으로 분석된다. 업계에서는 두산이 지주회사에 적용되는 각종 규제에서 벗어나게 되면서 인수합병이나 계열사 공동투자 등 운신의 폭이 넓어졌다는 평가도 나온다.","제외, 요건, 산의, 충족, 주식, 해당, 회사, 적용, 공시, 기준",두산,"두산, 두산로보틱스",노컷뉴스,두산그룹은 자산총액 증가로 인해 지주회사 요건을 충족하지 못하게 되어 공정거래위원회로부터 지주사 제외 통보를 받았다. 이로 인해 두산은 각종 규제에서 벗어나 운신의 폭이 넓어졌다고 평가받고 있다.,긍정
24224,"김홍국 하림 회장 ""맛의 시작은 식재료 끝까지 지킬 철학""",2025/09/26 14:58,"김홍국 하림그룹 회장. ""고향이자 사업장인 이 자리가 개인적으로 감회가 깊고 특별하다. "" 김홍국 하림그룹 회장이 26일 전북 익산 하림 퍼스트키친에서 열린 'NS 푸드페스타 2025 in 익산' 환영사에서 이같이 말했다. 김 회장은 익산에서 태어나 자랐고 학창시절을 보냈다. 그는 ""고등학교 때부터 사업을 시작해 50년이 지난 지금까지 이 지역에서 사업을 계속하고 있는 셈""이라고 운을 뗐다. 하림 퍼스트키친은 김 회장이 강조하는 '진짜 맛은 가장 신선한 재료에서 나온다'는 철학이 담긴 곳이다. 퍼스트키친 이름이 붙은 것도 '가정의 주방'을 대신해 맛있는 음식을 요리하는 주방이 되겠다는 의미를 담은 것이다. 김 회장은 ""이러한 철학은 단순 이름에만 머물지 않는다""라며 ""이곳을 실제 가정의 주방처럼 운영한다. '신선하지 않으면 들어오지 못하고 최고의 맛이 아니면 나가지 못한다'는 원칙을 지킨다""고 강조했다. 실제로 퍼스트키친은 가정의 부엌에서처럼 제조 과정을 다 공개한다. 공장을 지을 때, 고객투어용 통로를 별도로 만들어놨다. 이 통로에서는 창문을 통해 원료 투입부터 제조 과정, 포장, 출고까지 모든 공정을 볼 수 있다. 매일 투어 프로그램도 운영한다. 그는 ""고객, 즉 가족들의 믿음 속에서 이뤄지는 식품 비즈니스야말로 기업이 자부심과 책임감을 갖고 해야 할 사업""이라며 ""지속적으로 유지·발전할 수 있다는 생각이 반영된 것""이라고 이야기했다. 여기에서 나아가 하림그룹은 기업 전반에 '삼장통합경영' 개념을 식품 사업 전반으로 확장하고 있다. 이는 농장부터 가공, 유통까지 전 과정을 직접 관리하는 시스템을 일컫는다. 김 회장은 ""식품 산업은 농축수산업이라는 1차 산업에서 시작해 생산, 가공, 물류, 유통, 소비로 이어지는 거대한 가치사슬""이라며 ""이러한 개념을 식품 사업 전체의 사슬에 확장하고, 촘촘하게 엮어 효율을 극대화하는 것을 목표로 한다""고 말했다. 농가와의 상생 협력 체계를 구축해 안정적인 원료를 확보하고, 팬오션을 통해 글로벌 곡물 유통망을 확보해 국제 공급망에 대한 의존도를 관리하는 게 대표적이다. 가공 단계에서도 신선한 재료를 사용한다는 원칙 아래 최고의 품질을 유지하고, 물류 단계에서는 단순한 이동이 아닌 '신선함의 유지와 전달'이라는 기준으로 전체 과정을 최적화하는 데 신경쓴다. 특 '신선함'을 유지하기 위한 과정으로 '물류'를 재정의해 시스템을 구축하기도 했다. 바로 FBH 라는 이름의 첨단 스마트 물류센터다. FBH의 가장 큰 특징은 제조 공장 바로 옆에 위치해 생산 라인과 컨베이어 벨트로 직접 연결된다는 점이다. 아울러 상온, 냉장, 냉동 제품을 가리지 않고 하나의 박스에 담아 배송하는 첨단 합포장 시스템도 갖췄다. 이를 통해 속도뿐만 아니라 고객 편의성, 환경친화적 경영이라는 가치까지 담아냈다. 김 회장은 ""이 같은 구성을 만들고, 물류를 극단적으로 최소화한 이유는 하림의 식품철학을 지키기 위해서""라며 ""보관 과정이 제치 없이 '오늘 생산된 진짜 신선함'을 경험할 수 있도록 하는 데 중점을 뒀다""고 했다. 이어 ""양재 도시첨단물류센터 조성도 중요한 현안이다. 이 역시 식품 철학을 바탕으로 한 것""이라며 ""해당 센터는 2029년 완공을 목표로 하고 있다. 언제나 이런 지향점을 통해 변하지 않는 하림의 철학과 원칙을 전하겠다""라고 덧붙였다.","식품, 회장, 물류, 철학, 가공, 과정, 제조, 사업, 통로, 원료",하림,하림,디지털데일리,"하림 퍼스트키친은 신선한 재료를 사용하는 철학을 바탕으로 운영되며, 고객 투어 프로그램과 첨단 스마트 물류센터(FBH)를 통해 신선함을 유지하고자 한다. 김 회장은 식품 비즈니스에서 농장부터 유통까지 전 과정을 직접 관리하는 '삼장통합경영'을 확장해 나갈 계획이다.",긍정
